[
  {
    "id": 1,
    "title": "Project 1",
    "start_date": "2020-09-24 12:45:26",
    "status": "Pending",
    "active": "true",
    "assignee": "Joe Smith",
    "percent_complete": "0",
    "details": {
      "requestor":
      {
        "id": 234,
        "name": "Jim Smith",
        "department": "Special Requests Department"
      },
      "summary": "Lorem ipsum dolor sit amet, consectetur adipiscing elit. Suspendisse ut elit ex. Etiam commodo, nibh et dignissim laoreet, ipsum ex lobortis lectus, at ultricies nulla nisi at dui. Fusce ultrices justo at porta imperdiet.",
      "justification": "Lorem ipsum dolor sit amet, consectetur adipiscing elit. Suspendisse ut elit ex. Etiam commodo, nibh et dignissim laoreet, ipsum ex lobortis lectus, at ultricies nulla nisi at dui. Fusce ultrices justo at porta imperdiet. Cras arcu nisi, lacinia vitae odio nec, gravida porta tellus. Nam leo turpis, maximus eget felis molestie, ultricies tristique diam. Pellentesque in commodo nulla. Suspendisse suscipit mattis fringilla."
    },
    "notes": []
  },
  {
    "id": 2,
    "title": "Super important special project for the head of the most important department",
    "start_date": "2020-02-24 12:45:26",
    "status": "In Progress",
    "active": "true",
    "assignee": "Jane Smith",
    "percent_complete": "65",
    "details": {
      "requestor":
      {
        "id": 214,
        "name": "Jim Smith",
        "department": "Most Important Department"
      },
      "summary": "Lorem ipsum dolor sit amet, consectetur adipiscing elit. Suspendisse ut elit ex. Etiam commodo, nibh et dignissim laoreet, ipsum ex lobortis lectus, at ultricies nulla nisi at dui. Fusce ultrices justo at porta imperdiet.",
      "justification": "Lorem ipsum dolor sit amet, consectetur adipiscing elit. Suspendisse ut elit ex. Etiam commodo, nibh et dignissim laoreet, ipsum ex lobortis lectus, at ultricies nulla nisi at dui. Fusce ultrices justo at porta imperdiet. Cras arcu nisi, lacinia vitae odio nec, gravida porta tellus. Nam leo turpis, maximus eget felis molestie, ultricies tristique diam. Pellentesque in commodo nulla. Suspendisse suscipit mattis fringilla."
    },
    "notes": [
      {
        "id": 998,
        "note": "Lorem ipsum dolor sit amet, consectetur adipiscing elit. Suspendisse ut elit ex. Etiam commodo, nibh et dignissim laoreet, ipsum ex lobortis lectus, at ultricies nulla nisi at dui. Fusce ultrices justo at porta imperdiet. Cras arcu nisi, lacinia vitae odio nec, gravida porta tellus. Nam leo turpis, maximus eget felis molestie, ultricies tristique diam. Pellentesque in commodo nulla. Suspendisse suscipit mattis fringilla. Donec gravida libero nec viverra rutrum. Pellentesque efficitur magna egestas diam sagittis, eu porta leo auctor. Morbi sagittis non mauris a varius. Orci varius natoque penatibus et magnis dis parturient montes, nascetur ridiculus mus."
      },
      {
        "id": 378,
        "note": "Lorem ipsum dolor sit amet, consectetur adipiscing elit. Duis id bibendum dolor. Morbi sagittis ligula vitae elementum feugiat. Cras id cursus ipsum, et feugiat nisi. Suspendisse finibus ac turpis a viverra. Sed ac consectetur turpis. Orci varius natoque penatibus et magnis dis parturient montes, nascetur ridiculus mus. Cras egestas congue nibh, a lacinia elit fermentum eu."
      }
    ]
  },
  {
    "id": 3,
    "title": "Project 3",
    "start_date": "2018-12-21 12:45:26",
    "status": "Complete",
    "active": "false",
    "assignee": "Joe Smith",
    "percent_complete": "100",
    "details": {
      "requestor":
      {
        "id": 234,
        "name": "Jim Smith",
        "department": "Special Requests Department"
      },
      "summary": "Lorem ipsum dolor sit amet, consectetur adipiscing elit. Suspendisse ut elit ex. Etiam commodo, nibh et dignissim laoreet, ipsum ex lobortis lectus, at ultricies nulla nisi at dui. Fusce ultrices justo at porta imperdiet.",
      "justification": "Lorem ipsum dolor sit amet, consectetur adipiscing elit. Suspendisse ut elit ex. Etiam commodo, nibh et dignissim laoreet, ipsum ex lobortis lectus, at ultricies nulla nisi at dui. Fusce ultrices justo at porta imperdiet. Cras arcu nisi, lacinia vitae odio nec, gravida porta tellus. Nam leo turpis, maximus eget felis molestie, ultricies tristique diam. Pellentesque in commodo nulla. Suspendisse suscipit mattis fringilla."
    },
    "notes": [
      {
        "id": 20,
        "note": "Lorem ipsum dolor sit amet, consectetur adipiscing elit. Suspendisse ut elit ex. Etiam commodo, nibh et dignissim laoreet, ipsum ex lobortis lectus, at ultricies nulla nisi at dui. Fusce ultrices justo at porta imperdiet. Cras arcu nisi, lacinia vitae odio nec, gravida porta tellus. Nam leo turpis, maximus eget felis molestie, ultricies tristique diam. Pellentesque in commodo nulla. Suspendisse suscipit mattis fringilla. Donec gravida libero nec viverra rutrum. Pellentesque efficitur magna egestas diam sagittis, eu porta leo auctor. Morbi sagittis non mauris a varius. Orci varius natoque penatibus et magnis dis parturient montes, nascetur ridiculus mus."
      }
    ]
  }
]
