
  {
    "id": 3,
    "title": "Project 3",
    "start_date": "2018-12-21 12:45:26",
    "status": "Complete",
    "active": "false",
    "assignee": "Joe Smith",
    "percent_complete": "100",
    "details": {
      "requestor":
      {
        "id": 234,
        "name": "Jim Smith",
        "department": "Special Requests Department"
      },
      "summary": "Lorem ipsum dolor sit amet, consectetur adipiscing elit. Suspendisse ut elit ex. Etiam commodo, nibh et dignissim laoreet, ipsum ex lobortis lectus, at ultricies nulla nisi at dui. Fusce ultrices justo at porta imperdiet.",
      "justification": "Lorem ipsum dolor sit amet, consectetur adipiscing elit. Suspendisse ut elit ex. Etiam commodo, nibh et dignissim laoreet, ipsum ex lobortis lectus, at ultricies nulla nisi at dui. Fusce ultrices justo at porta imperdiet. Cras arcu nisi, lacinia vitae odio nec, gravida porta tellus. Nam leo turpis, maximus eget felis molestie, ultricies tristique diam. Pellentesque in commodo nulla. Suspendisse suscipit mattis fringilla."
    },
    "notes": [
      {
        "id": 20,
        "note": "Lorem ipsum dolor sit amet, consectetur adipiscing elit. Suspendisse ut elit ex. Etiam commodo, nibh et dignissim laoreet, ipsum ex lobortis lectus, at ultricies nulla nisi at dui. Fusce ultrices justo at porta imperdiet. Cras arcu nisi, lacinia vitae odio nec, gravida porta tellus. Nam leo turpis, maximus eget felis molestie, ultricies tristique diam. Pellentesque in commodo nulla. Suspendisse suscipit mattis fringilla. Donec gravida libero nec viverra rutrum. Pellentesque efficitur magna egestas diam sagittis, eu porta leo auctor. Morbi sagittis non mauris a varius. Orci varius natoque penatibus et magnis dis parturient montes, nascetur ridiculus mus."
      }
    ]
  }

